{
    "model": [
        "tiny",
        "small",
        "large"
    ],
    "avg_speed": [
        53.994575103123985,
        127.80401492118835,
        319.9594798088074
    ],
    "avg_accuracy": [
        0.8852601882683585,
        0.9257330747017849,
        0.9387407892895016
    ]
}