{
    "model": [
        "tiny",
        "small",
        "large"
    ],
    "avg_speed": [
        53.86878434816996,
        125.56629983584087,
        312.3532164096832
    ],
    "avg_accuracy": [
        0.8852601882683585,
        0.9257330747017849,
        0.9387407892895016
    ]
}